Index,File Name
0,Major_0.wav
1,Major_1.wav
2,Major_10.wav
3,Major_100.wav
4,Major_101.wav
5,Major_102.wav
6,Major_103.wav
7,Major_104.wav
8,Major_105.wav
9,Major_106.wav
10,Major_107.wav
11,Major_108.wav
12,Major_109.wav
13,Major_11.wav
14,Major_110.wav
15,Major_111.wav
16,Major_112.wav
17,Major_113.wav
18,Major_114.wav
19,Major_115.wav
20,Major_116.wav
21,Major_117.wav
22,Major_118.wav
23,Major_119.wav
24,Major_12.wav
25,Major_120.wav
26,Major_121.wav
27,Major_122.wav
28,Major_123.wav
29,Major_124.wav
30,Major_125.wav
31,Major_126.wav
32,Major_127.wav
33,Major_128.wav
34,Major_129.wav
35,Major_13.wav
36,Major_130.wav
37,Major_131.wav
38,Major_132.wav
39,Major_133.wav
40,Major_134.wav
41,Major_135.wav
42,Major_136.wav
43,Major_137.wav
44,Major_138.wav
45,Major_139.wav
46,Major_14.wav
47,Major_140.wav
48,Major_141.wav
49,Major_142.wav
50,Major_143.wav
51,Major_144.wav
52,Major_145.wav
53,Major_146.wav
54,Major_147.wav
55,Major_148.wav
56,Major_149.wav
57,Major_15.wav
58,Major_150.wav
59,Major_151.wav
60,Major_152.wav
61,Major_153.wav
62,Major_154.wav
63,Major_155.wav
64,Major_156.wav
65,Major_157.wav
66,Major_158.wav
67,Major_159.wav
68,Major_16.wav
69,Major_160.wav
70,Major_161.wav
71,Major_162.wav
72,Major_163.wav
73,Major_164.wav
74,Major_165.wav
75,Major_166.wav
76,Major_167.wav
77,Major_168.wav
78,Major_169.wav
79,Major_17.wav
80,Major_170.wav
81,Major_171.wav
82,Major_172.wav
83,Major_173.wav
84,Major_174.wav
85,Major_175.wav
86,Major_176.wav
87,Major_177.wav
88,Major_178.wav
89,Major_179.wav
90,Major_18.wav
91,Major_180.wav
92,Major_181.wav
93,Major_182.wav
94,Major_183.wav
95,Major_184.wav
96,Major_185.wav
97,Major_186.wav
98,Major_187.wav
99,Major_188.wav
100,Major_189.wav
101,Major_19.wav
102,Major_190.wav
103,Major_191.wav
104,Major_192.wav
105,Major_193.wav
106,Major_194.wav
107,Major_195.wav
108,Major_196.wav
109,Major_197.wav
110,Major_198.wav
111,Major_199.wav
112,Major_2.wav
113,Major_20.wav
114,Major_200.wav
115,Major_201.wav
116,Major_202.wav
117,Major_203.wav
118,Major_204.wav
119,Major_205.wav
120,Major_206.wav
121,Major_207.wav
122,Major_208.wav
123,Major_209.wav
124,Major_21.wav
125,Major_210.wav
126,Major_211.wav
127,Major_212.wav
128,Major_213.wav
129,Major_214.wav
130,Major_215.wav
131,Major_216.wav
132,Major_217.wav
133,Major_218.wav
134,Major_219.wav
135,Major_22.wav
136,Major_220.wav
137,Major_221.wav
138,Major_222.wav
139,Major_223.wav
140,Major_224.wav
141,Major_225.wav
142,Major_226.wav
143,Major_227.wav
144,Major_228.wav
145,Major_229.wav
146,Major_23.wav
147,Major_230.wav
148,Major_231.wav
149,Major_232.wav
150,Major_233.wav
151,Major_234.wav
152,Major_235.wav
153,Major_236.wav
154,Major_237.wav
155,Major_238.wav
156,Major_239.wav
157,Major_24.wav
158,Major_240.wav
159,Major_241.wav
160,Major_242.wav
161,Major_243.wav
162,Major_244.wav
163,Major_245.wav
164,Major_246.wav
165,Major_247.wav
166,Major_248.wav
167,Major_249.wav
168,Major_25.wav
169,Major_250.wav
170,Major_251.wav
171,Major_252.wav
172,Major_253.wav
173,Major_254.wav
174,Major_255.wav
175,Major_256.wav
176,Major_257.wav
177,Major_258.wav
178,Major_259.wav
179,Major_26.wav
180,Major_260.wav
181,Major_261.wav
182,Major_262.wav
183,Major_263.wav
184,Major_264.wav
185,Major_265.wav
186,Major_266.wav
187,Major_267.wav
188,Major_268.wav
189,Major_269.wav
190,Major_27.wav
191,Major_270.wav
192,Major_271.wav
193,Major_272.wav
194,Major_273.wav
195,Major_274.wav
196,Major_275.wav
197,Major_276.wav
198,Major_277.wav
199,Major_278.wav
200,Major_279.wav
201,Major_28.wav
202,Major_280.wav
203,Major_281.wav
204,Major_282.wav
205,Major_283.wav
206,Major_284.wav
207,Major_285.wav
208,Major_286.wav
209,Major_287.wav
210,Major_288.wav
211,Major_289.wav
212,Major_29.wav
213,Major_290.wav
214,Major_291.wav
215,Major_292.wav
216,Major_293.wav
217,Major_294.wav
218,Major_295.wav
219,Major_296.wav
220,Major_297.wav
221,Major_298.wav
222,Major_299.wav
223,Major_3.wav
224,Major_30.wav
225,Major_300.wav
226,Major_301.wav
227,Major_302.wav
228,Major_303.wav
229,Major_304.wav
230,Major_305.wav
231,Major_306.wav
232,Major_307.wav
233,Major_308.wav
234,Major_309.wav
235,Major_31.wav
236,Major_310.wav
237,Major_311.wav
238,Major_312.wav
239,Major_313.wav
240,Major_314.wav
241,Major_315.wav
242,Major_316.wav
243,Major_317.wav
244,Major_318.wav
245,Major_319.wav
246,Major_32.wav
247,Major_320.wav
248,Major_321.wav
249,Major_322.wav
250,Major_323.wav
251,Major_324.wav
252,Major_325.wav
253,Major_326.wav
254,Major_327.wav
255,Major_328.wav
256,Major_329.wav
257,Major_33.wav
258,Major_330.wav
259,Major_331.wav
260,Major_332.wav
261,Major_333.wav
262,Major_334.wav
263,Major_335.wav
264,Major_336.wav
265,Major_337.wav
266,Major_338.wav
267,Major_339.wav
268,Major_34.wav
269,Major_340.wav
270,Major_341.wav
271,Major_342.wav
272,Major_343.wav
273,Major_344.wav
274,Major_345.wav
275,Major_346.wav
276,Major_347.wav
277,Major_348.wav
278,Major_349.wav
279,Major_35.wav
280,Major_350.wav
281,Major_351.wav
282,Major_352.wav
283,Major_353.wav
284,Major_354.wav
285,Major_355.wav
286,Major_356.wav
287,Major_357.wav
288,Major_358.wav
289,Major_359.wav
290,Major_36.wav
291,Major_360.wav
292,Major_361.wav
293,Major_362.wav
294,Major_363.wav
295,Major_364.wav
296,Major_365.wav
297,Major_366.wav
298,Major_367.wav
299,Major_368.wav
300,Major_369.wav
301,Major_37.wav
302,Major_370.wav
303,Major_371.wav
304,Major_372.wav
305,Major_373.wav
306,Major_374.wav
307,Major_375.wav
308,Major_376.wav
309,Major_377.wav
310,Major_378.wav
311,Major_379.wav
312,Major_38.wav
313,Major_380.wav
314,Major_381.wav
315,Major_382.wav
316,Major_383.wav
317,Major_384.wav
318,Major_385.wav
319,Major_386.wav
320,Major_387.wav
321,Major_388.wav
322,Major_389.wav
323,Major_39.wav
324,Major_390.wav
325,Major_391.wav
326,Major_392.wav
327,Major_393.wav
328,Major_394.wav
329,Major_395.wav
330,Major_396.wav
331,Major_397.wav
332,Major_398.wav
333,Major_399.wav
334,Major_4.wav
335,Major_40.wav
336,Major_400.wav
337,Major_401.wav
338,Major_402.wav
339,Major_403.wav
340,Major_404.wav
341,Major_405.wav
342,Major_406.wav
343,Major_407.wav
344,Major_408.wav
345,Major_409.wav
346,Major_41.wav
347,Major_410.wav
348,Major_411.wav
349,Major_412.wav
350,Major_413.wav
351,Major_414.wav
352,Major_415.wav
353,Major_416.wav
354,Major_417.wav
355,Major_418.wav
356,Major_419.wav
357,Major_42.wav
358,Major_420.wav
359,Major_421.wav
360,Major_422.wav
361,Major_423.wav
362,Major_424.wav
363,Major_425.wav
364,Major_426.wav
365,Major_427.wav
366,Major_428.wav
367,Major_429.wav
368,Major_43.wav
369,Major_430.wav
370,Major_431.wav
371,Major_432.wav
372,Major_433.wav
373,Major_434.wav
374,Major_435.wav
375,Major_436.wav
376,Major_437.wav
377,Major_438.wav
378,Major_439.wav
379,Major_44.wav
380,Major_440.wav
381,Major_441.wav
382,Major_442.wav
383,Major_443.wav
384,Major_444.wav
385,Major_445.wav
386,Major_446.wav
387,Major_447.wav
388,Major_448.wav
389,Major_449.wav
390,Major_45.wav
391,Major_450.wav
392,Major_451.wav
393,Major_452.wav
394,Major_453.wav
395,Major_454.wav
396,Major_455.wav
397,Major_456.wav
398,Major_457.wav
399,Major_458.wav
400,Major_459.wav
401,Major_46.wav
402,Major_460.wav
403,Major_461.wav
404,Major_462.wav
405,Major_463.wav
406,Major_464.wav
407,Major_465.wav
408,Major_466.wav
409,Major_467.wav
410,Major_468.wav
411,Major_469.wav
412,Major_47.wav
413,Major_470.wav
414,Major_471.wav
415,Major_472.wav
416,Major_473.wav
417,Major_474.wav
418,Major_475.wav
419,Major_476.wav
420,Major_477.wav
421,Major_478.wav
422,Major_479.wav
423,Major_48.wav
424,Major_480.wav
425,Major_481.wav
426,Major_482.wav
427,Major_483.wav
428,Major_484.wav
429,Major_485.wav
430,Major_486.wav
431,Major_487.wav
432,Major_488.wav
433,Major_489.wav
434,Major_49.wav
435,Major_490.wav
436,Major_491.wav
437,Major_492.wav
438,Major_493.wav
439,Major_494.wav
440,Major_495.wav
441,Major_496.wav
442,Major_497.wav
443,Major_498.wav
444,Major_499.wav
445,Major_5.wav
446,Major_50.wav
447,Major_500.wav
448,Major_501.wav
449,Major_51.wav
450,Major_52.wav
451,Major_53.wav
452,Major_54.wav
453,Major_55.wav
454,Major_56.wav
455,Major_57.wav
456,Major_58.wav
457,Major_59.wav
458,Major_6.wav
459,Major_60.wav
460,Major_61.wav
461,Major_62.wav
462,Major_63.wav
463,Major_64.wav
464,Major_65.wav
465,Major_66.wav
466,Major_67.wav
467,Major_68.wav
468,Major_69.wav
469,Major_7.wav
470,Major_70.wav
471,Major_71.wav
472,Major_72.wav
473,Major_73.wav
474,Major_74.wav
475,Major_75.wav
476,Major_76.wav
477,Major_77.wav
478,Major_78.wav
479,Major_79.wav
480,Major_8.wav
481,Major_80.wav
482,Major_81.wav
483,Major_82.wav
484,Major_83.wav
485,Major_84.wav
486,Major_85.wav
487,Major_86.wav
488,Major_87.wav
489,Major_88.wav
490,Major_89.wav
491,Major_9.wav
492,Major_90.wav
493,Major_91.wav
494,Major_92.wav
495,Major_93.wav
496,Major_94.wav
497,Major_95.wav
498,Major_96.wav
499,Major_97.wav
500,Major_98.wav
501,Major_99.wav
502,Minor_0.wav
503,Minor_1.wav
504,Minor_10.wav
505,Minor_100.wav
506,Minor_101.wav
507,Minor_102.wav
508,Minor_103.wav
509,Minor_104.wav
510,Minor_105.wav
511,Minor_106.wav
512,Minor_107.wav
513,Minor_108.wav
514,Minor_109.wav
515,Minor_11.wav
516,Minor_110.wav
517,Minor_111.wav
518,Minor_112.wav
519,Minor_113.wav
520,Minor_114.wav
521,Minor_115.wav
522,Minor_116.wav
523,Minor_117.wav
524,Minor_118.wav
525,Minor_119.wav
526,Minor_12.wav
527,Minor_120.wav
528,Minor_121.wav
529,Minor_122.wav
530,Minor_123.wav
531,Minor_124.wav
532,Minor_125.wav
533,Minor_126.wav
534,Minor_127.wav
535,Minor_128.wav
536,Minor_129.wav
537,Minor_13.wav
538,Minor_130.wav
539,Minor_131.wav
540,Minor_132.wav
541,Minor_133.wav
542,Minor_134.wav
543,Minor_135.wav
544,Minor_136.wav
545,Minor_137.wav
546,Minor_138.wav
547,Minor_139.wav
548,Minor_14.wav
549,Minor_140.wav
550,Minor_141.wav
551,Minor_142.wav
552,Minor_143.wav
553,Minor_144.wav
554,Minor_145.wav
555,Minor_146.wav
556,Minor_147.wav
557,Minor_148.wav
558,Minor_149.wav
559,Minor_15.wav
560,Minor_150.wav
561,Minor_151.wav
562,Minor_152.wav
563,Minor_153.wav
564,Minor_154.wav
565,Minor_155.wav
566,Minor_156.wav
567,Minor_157.wav
568,Minor_158.wav
569,Minor_159.wav
570,Minor_16.wav
571,Minor_160.wav
572,Minor_161.wav
573,Minor_162.wav
574,Minor_163.wav
575,Minor_164.wav
576,Minor_165.wav
577,Minor_166.wav
578,Minor_167.wav
579,Minor_168.wav
580,Minor_169.wav
581,Minor_17.wav
582,Minor_170.wav
583,Minor_171.wav
584,Minor_172.wav
585,Minor_173.wav
586,Minor_174.wav
587,Minor_175.wav
588,Minor_176.wav
589,Minor_177.wav
590,Minor_178.wav
591,Minor_179.wav
592,Minor_18.wav
593,Minor_180.wav
594,Minor_181.wav
595,Minor_182.wav
596,Minor_183.wav
597,Minor_184.wav
598,Minor_185.wav
599,Minor_186.wav
600,Minor_187.wav
601,Minor_188.wav
602,Minor_189.wav
603,Minor_19.wav
604,Minor_190.wav
605,Minor_191.wav
606,Minor_192.wav
607,Minor_193.wav
608,Minor_194.wav
609,Minor_195.wav
610,Minor_196.wav
611,Minor_197.wav
612,Minor_198.wav
613,Minor_199.wav
614,Minor_2.wav
615,Minor_20.wav
616,Minor_200.wav
617,Minor_201.wav
618,Minor_202.wav
619,Minor_203.wav
620,Minor_204.wav
621,Minor_205.wav
622,Minor_206.wav
623,Minor_207.wav
624,Minor_208.wav
625,Minor_209.wav
626,Minor_21.wav
627,Minor_210.wav
628,Minor_211.wav
629,Minor_212.wav
630,Minor_213.wav
631,Minor_214.wav
632,Minor_215.wav
633,Minor_216.wav
634,Minor_217.wav
635,Minor_218.wav
636,Minor_219.wav
637,Minor_22.wav
638,Minor_220.wav
639,Minor_221.wav
640,Minor_222.wav
641,Minor_223.wav
642,Minor_224.wav
643,Minor_225.wav
644,Minor_226.wav
645,Minor_227.wav
646,Minor_228.wav
647,Minor_229.wav
648,Minor_23.wav
649,Minor_230.wav
650,Minor_231.wav
651,Minor_232.wav
652,Minor_233.wav
653,Minor_234.wav
654,Minor_235.wav
655,Minor_236.wav
656,Minor_237.wav
657,Minor_238.wav
658,Minor_239.wav
659,Minor_24.wav
660,Minor_240.wav
661,Minor_241.wav
662,Minor_242.wav
663,Minor_243.wav
664,Minor_244.wav
665,Minor_245.wav
666,Minor_246.wav
667,Minor_247.wav
668,Minor_248.wav
669,Minor_249.wav
670,Minor_25.wav
671,Minor_250.wav
672,Minor_252.wav
673,Minor_253.wav
674,Minor_254.wav
675,Minor_255.wav
676,Minor_256.wav
677,Minor_257.wav
678,Minor_258.wav
679,Minor_259.wav
680,Minor_26.wav
681,Minor_260.wav
682,Minor_261.wav
683,Minor_262.wav
684,Minor_263.wav
685,Minor_264.wav
686,Minor_265.wav
687,Minor_266.wav
688,Minor_267.wav
689,Minor_268.wav
690,Minor_269.wav
691,Minor_27.wav
692,Minor_270.wav
693,Minor_271.wav
694,Minor_272.wav
695,Minor_273.wav
696,Minor_274.wav
697,Minor_275.wav
698,Minor_276.wav
699,Minor_277.wav
700,Minor_278.wav
701,Minor_279.wav
702,Minor_28.wav
703,Minor_280.wav
704,Minor_281.wav
705,Minor_282.wav
706,Minor_283.wav
707,Minor_284.wav
708,Minor_285.wav
709,Minor_286.wav
710,Minor_287.wav
711,Minor_288.wav
712,Minor_289.wav
713,Minor_29.wav
714,Minor_290.wav
715,Minor_291.wav
716,Minor_292.wav
717,Minor_293.wav
718,Minor_294.wav
719,Minor_295.wav
720,Minor_296.wav
721,Minor_297.wav
722,Minor_298.wav
723,Minor_299.wav
724,Minor_3.wav
725,Minor_30.wav
726,Minor_300.wav
727,Minor_301.wav
728,Minor_302.wav
729,Minor_303.wav
730,Minor_304.wav
731,Minor_305.wav
732,Minor_306.wav
733,Minor_307.wav
734,Minor_308.wav
735,Minor_309.wav
736,Minor_31.wav
737,Minor_310.wav
738,Minor_311.wav
739,Minor_312.wav
740,Minor_313.wav
741,Minor_314.wav
742,Minor_315.wav
743,Minor_316.wav
744,Minor_317.wav
745,Minor_318.wav
746,Minor_319.wav
747,Minor_32.wav
748,Minor_320.wav
749,Minor_321.wav
750,Minor_322.wav
751,Minor_323.wav
752,Minor_324.wav
753,Minor_325.wav
754,Minor_326.wav
755,Minor_327.wav
756,Minor_328.wav
757,Minor_329.wav
758,Minor_33.wav
759,Minor_330.wav
760,Minor_331.wav
761,Minor_332.wav
762,Minor_333.wav
763,Minor_334.wav
764,Minor_335.wav
765,Minor_336.wav
766,Minor_337.wav
767,Minor_338.wav
768,Minor_339.wav
769,Minor_34.wav
770,Minor_340.wav
771,Minor_341.wav
772,Minor_342.wav
773,Minor_343.wav
774,Minor_344.wav
775,Minor_345.wav
776,Minor_346.wav
777,Minor_347.wav
778,Minor_348.wav
779,Minor_349.wav
780,Minor_35.wav
781,Minor_350.wav
782,Minor_351.wav
783,Minor_352.wav
784,Minor_353.wav
785,Minor_354.wav
786,Minor_355.wav
787,Minor_356.wav
788,Minor_357.wav
789,Minor_36.wav
790,Minor_37.wav
791,Minor_38.wav
792,Minor_39.wav
793,Minor_4.wav
794,Minor_40.wav
795,Minor_41.wav
796,Minor_42.wav
797,Minor_43.wav
798,Minor_44.wav
799,Minor_45.wav
800,Minor_46.wav
801,Minor_47.wav
802,Minor_48.wav
803,Minor_49.wav
804,Minor_5.wav
805,Minor_50.wav
806,Minor_51.wav
807,Minor_52.wav
808,Minor_53.wav
809,Minor_54.wav
810,Minor_55.wav
811,Minor_56.wav
812,Minor_57.wav
813,Minor_58.wav
814,Minor_59.wav
815,Minor_6.wav
816,Minor_60.wav
817,Minor_61.wav
818,Minor_62.wav
819,Minor_63.wav
820,Minor_64.wav
821,Minor_65.wav
822,Minor_66.wav
823,Minor_67.wav
824,Minor_68.wav
825,Minor_69.wav
826,Minor_7.wav
827,Minor_70.wav
828,Minor_71.wav
829,Minor_72.wav
830,Minor_73.wav
831,Minor_74.wav
832,Minor_75.wav
833,Minor_76.wav
834,Minor_77.wav
835,Minor_78.wav
836,Minor_79.wav
837,Minor_8.wav
838,Minor_80.wav
839,Minor_81.wav
840,Minor_82.wav
841,Minor_83.wav
842,Minor_84.wav
843,Minor_85.wav
844,Minor_86.wav
845,Minor_87.wav
846,Minor_88.wav
847,Minor_89.wav
848,Minor_9.wav
849,Minor_90.wav
850,Minor_91.wav
851,Minor_92.wav
852,Minor_93.wav
853,Minor_94.wav
854,Minor_95.wav
855,Minor_96.wav
856,Minor_97.wav
857,Minor_98.wav
858,Minor_99.wav
